Key|Name|Region|Altitude_m|Country|Lat|Lng|Type|Notes|City_Col_Index
Abidjan|Abidjan|Africa|75|Côte d'Ivoire|"5°20'28.0"" N"|"4°1'41.0"" W"|2||1
Abu_Dhabi|Abu Dhabi|Central Asia|14|United Arab Emirates|"24°28'0.1"" N"|"54°22'0.1"" E"|2||2
Acapulco|Acapulco|North America|-|Mexico|"16°51'0.0"" N"|"99°55'0.1"" W"|2||3
Accra|Accra|Africa|103|Ghana|"5°32'60.0"" N"|"0°13'0.0"" W"|2||4
Ad_Dammam|Ad Dammam|Central Asia|5|Saudi Arabia|"26°25'32.9"" N"|"50°6'51.1"" E"|2||5
Ad_Diwaniyah|Ad Diwaniyah|Central Asia|17|Iraq|"31°59'16.1"" N"|"44°55'32.2"" E"|2||6
Adak,_Alaska|Adak, Alaska|North America||United States of America|"51°53'0"" N"|"176°38'42"" W"|3||7
Adamstown,_Pitcairn_Islands|Adamstown, Pitcairn Islands|South America||British Overseas Territory|"25°4'0"" S"|"130°6'0"" W"|3||8
Adana|Adana|Central Asia|88|Turkey|"37°0'6.1"" N"|"35°19'44.0"" E"|2||9
Addis_Abeba|Addis Abeba|Africa|2308|Ethiopia|"9°1'60.0"" N"|"38°42'0.0"" E"|2|Located at 2308m above sea level|10
Adelaide|Adelaide|South-East Asia|72|Australia|"34°55'59.9"" S"|"138°35'60.0"" E"|2||11
Aden|Aden|Central Asia|126|Yemen|"12°46'45.8"" N"|"45°2'12.1"" E"|2||12
Adiyaman|Adiyaman|Central Asia|646|Turkey|"37°45'33.1"" N"|"38°16'41.9"" E"|2||13
Agadir|Agadir|Africa|269|Morocco|"30°23'60.0"" N"|"9°35'60.0"" W"|2||14
Agra|Agra|South Asia|171|India|"27°10'59.9"" N"|"78°1'0.1"" E"|2||15
Ahvaz|Ahvaz|Central Asia|39|Iran|"31°19'45.1"" N"|"48°41'28.0"" E"|2||16
Aidin|Aidin|Central Asia|242|Turkey|"37°50'39.8"" N"|"27°50'44.9"" E"|2||17
Ajmer|Ajmer|South Asia|543|India|"26°26'60.0"" N"|"74°37'59.9"" E"|2||18
Akola|Akola|South Asia|282|India|"20°43'59.9"" N"|"77°0'0.0"" E"|2||19
Al_Basrah|Al Basrah|Central Asia|11|Iraq|"30°29'39.1"" N"|"47°49'9.1"" E"|2||20
Algiers|Algiers|Africa|1|Algeria|"36°45'47.2"" N"|"3°3'2.0"" E"|2||21
Al_Kuwait|Al Kuwait|Central Asia|12|Kuwait|"29°22'10.9"" N"|"47°58'41.9"" E"|2||22
Albuquerque|Albuquerque|North America|-|United States of America|"35°5'3.8"" N"|"106°39'3.6"" W"|2||23
Aleppo|Aleppo|Central Asia|264|Syrian Arab Republic|"36°12'10.1"" N"|"37°9'31.0"" E"|2||24
Alert,_Nunavut|Alert, Nunavut|North America||Canada|"82°30'05"" N"|"62°20'20"" W"|3|Military and research outpost, the northernmost permanently inhabited place in the world|25
Alexandria|Alexandria|Africa|-|Egypt|"31°11'53.2"" N"|"29°55'9.1"" E"|2||26
Algiers|Algiers|Africa|1|Algeria|"36°45'47.2"" N"|"3°3'2.0"" E"|2||27
Alice_Springs|Alice Springs|South-East Asia||Australia|"23°42'0"" S"|"133°52'12"" E"|3|Classic outback location|28
Aligarh|Aligarh|South Asia|182|India|"27°52'59.9"" N"|"78°4'59.9"" E"|2||29
Allahabad|Allahabad|South Asia|74|India|"25°26'60.0"" N"|"81°50'60.0"" E"|2||30
Almaty|Almaty|Central Asia|852|Kazakhstan|"43°15'0.0"" N"|"76°57'0.0"" E"|2||31
Amman|Amman|Central Asia|748|Jordan|"31°56'60.0"" N"|"35°55'59.9"" E"|2||32
Amravati|Amravati|South Asia|343|India|"20°55'59.9"" N"|"77°45'0.0"" E"|2||33
Amritsar|Amritsar|South Asia|221|India|"31°37'59.2"" N"|"74°51'56.2"" E"|2||34
Amsterdam|Amsterdam|Europe|-|Netherlands|"52°21'0.0"" N"|"4°55'0.0"" E"|1|Alpha world city|35
Amundsen–Scott_South_Pole_Station|Amundsen–Scott South Pole Station|Antarctica||Antarctica|"90°00'00"" S"|"0°00'00"" E"|3|US research station at the Geographic South Pole, the southernmost place on the Earth (at 2,835m above sea level)|36
An_Najaf|An Najaf|Central Asia|60|Iraq|"31°59'46.0"" N"|"44°18'52.9"" E"|2||37
Anchorage,_Alaska|Anchorage, Alaska|North America||United States of America|"61°13'0"" N"|"149°54'0"" W"|2||38
Ankara|Ankara|Central Asia|889|Turkey|"39°55'37.9"" N"|"32°51'51.8"" E"|2||39
Anshan|Anshan|North-East Asia|27|China|"41°7'25.0"" N"|"122°59'24.0"" E"|2||40
Antalya|Antalya|Central Asia|115|Turkey|"36°54'45.0"" N"|"30°41'22.9"" E"|2||41
Antananarivo|Antananarivo|Africa|1289|Madagascar|"18°55'0.1"" S"|"47°31'0.1"" E"|2||42
Anyang|Anyang|North-East Asia|87|China|"36°5'57.8"" N"|"114°19'44.4"" E"|2||43
Aracaju|Aracaju|South America|2|Brazil|"10°55'0.1"" S"|"37°4'0.1"" W"|2||44
Arequipa|Arequipa|South America|2938|Peru|"16°23'56.0"" S"|"71°32'6.0"" W"|2|Located at 2938m above sea level|45
Arkhangelsk|Arkhangelsk|Russia||Russian Federation|"64°32'0"" N"|"40°32'0"" E"|3||46
As_Sulaymaniyah|As Sulaymaniyah|Central Asia|789|Iraq|"35°33'42.1"" N"|"45°26'26.9"" E"|2||47
Asansol|Asansol|South Asia|96|India|"23°40'59.9"" N"|"86°58'59.9"" E"|2||48
Asgabat|Asgabat|Central Asia|-|Turkmenistan|"37°57'0.0"" N"|"58°22'59.9"" E"|2||49
Ash_Shariqah|Ash Shariqah|Central Asia|156|United Arab Emirates|"25°21'43.9"" N"|"55°23'28.0"" E"|2||50
Ashgabat|Ashgabat|Central Asia|219|Turkmenistan|"37°57'0.0"" N"|"58°22'59.9"" E"|2||51
Asmara|Asmara|Africa|2364|Eritrea|"15°19'59.9"" N"|"38°55'59.9"" E"|2|Located at 2364m above sea level|52
Astana|Astana|Central Asia||Kazakhstan|"51°10'0"" N"|"71°26'0"" E"|2||53
Astrakhan|Astrakhan|Russia|-|Russian Federation|"46°20'57.8"" N"|"48°2'57.1"" E"|2||54
Asuncion|Asuncion|South America|55|Paraguay|"25°16'0.1"" S"|"57°40'0.1"" W"|2||55
Aswan|Aswan|Africa||Egypt|"24°05'20"" N"|"32°53'59"" E"|2|Adjacent to the Aswan Dams and one of the driest cities in the world|56
Athens|Athens|Europe|147|Greece|"37°58'59.9"" N"|"23°43'59.9"" E"|2||57
Auckland|Auckland|South-East Asia||New Zealand|36°50'26? S|174°44'24? E|2||58
Austin|Austin|North America|163|United States of America|"30°16'0.8"" N"|"97°44'34.1"" W"|2||59
Bacolod_City|Bacolod City|South-East Asia|9|Philippines|"10°39'58.0"" N"|"122°57'0.0"" E"|2||60
Baghdad|Baghdad|Central Asia|41|Iraq|"33°20'19.0"" N"|"44°23'38.0"" E"|2||61
Dublin|Dublin|Europe|9|Ireland|"53°19'59.2"" N"|"6°14'56.0"" W"|1|Alpha world city|62
Baku|Baku|Central Asia|-|Azerbaijan|"40°23'43.1"" N"|"49°52'55.9"" E"|2||63
Balikpapan|Balikpapan|South-East Asia|1|Indonesia|"1°16'60.0"" S"|"116°49'58.8"" E"|2||64
Baltimore|Baltimore|North America|2|United States of America|"39°17'25.1"" N"|"76°36'45.0"" W"|2||65
Bamako|Bamako|Africa|350|Mali|"12°39'0.0"" N"|"8°0'0.0"" W"|2||66
Bangalore|Bangalore|South Asia|917|India|"12°58'59.9"" N"|"77°34'59.9"" E"|2||67
Bangkok|Bangkok|South-East Asia|2|Thailand|"13°45'0.0"" N"|"100°31'1.2"" E"|1|Alpha world city|68
Bangui|Bangui|Africa|379|Central African Republic|"4°22'0.0"" N"|"18°34'59.9"" E"|2||69
Banjarmasin|Banjarmasin|South-East Asia|1|Indonesia|"3°19'60.0"" S"|"114°34'58.8"" E"|2||70
Baoding|Baoding|North-East Asia|13|China|"38°51'4.0"" N"|"115°29'24.0"" E"|2||71
Baoji|Baoji|North-East Asia|570|China|"34°21'13.0"" N"|"107°22'30.0"" E"|2||72
Barcelona|Barcelona|Europe|900|Spain|"41°22'59.9"" N"|"2°10'60.0"" E"|1|Alpha world city|73
Barnaul|Barnaul|Russia|161|Russian Federation|"53°21'20.9"" N"|"83°45'7.9"" E"|2||74
Barrow,_Alaska|Barrow, Alaska|North America||United States of America|"71°17'44"" N"|"156°45'59"" W"|2|It is the 11th northernmost public community in the world and is the northernmost city in the USA|75
Basrah|Basrah|Central Asia|32|Iraq|"30°29'44.2"" N"|"47°49'3.0"" E"|2||76
Beijing|Beijing|North-East Asia|59|China|"39°55'44.0"" N"|"116°23'16.8"" E"|1|Alpha world city|77
Beirut|Beirut|Central Asia|54|Lebanon|"33°52'18.8"" N"|"35°30'34.9"" E"|2||78
Belem|Belem|South America|1|Brazil|"1°26'60.0"" S"|"48°28'59.9"" W"|2||79
Belfast|Belfast|Europe|9|United Kingdom of Great Britain and Northern Ireland|"54°34'59.9"" N"|"5°55'60.0"" W"|2||80
Belgaum|Belgaum|South Asia|768|India|"15°52'0.1"" N"|"74°30'0.0"" E"|2||81
Belgrade|Belgrade|Europe|90|Serbia|"44°49'7.0"" N"|"20°28'5.2"" E"|2||82
Bellingshausen_Station|Bellingshausen Station|Antarctica||Antarctica|"62°12'00"" S"|"58°58'00"" W"|3|Russian Antarctic station at Collins Harbour on the South Shetland Islands|83
Belo_Horizonte|Belo Horizonte|South America|860|Brazil|"19°55'0.1"" S"|"43°55'59.9"" W"|2||84
Bengbu|Bengbu|North-East Asia|31|China|"32°56'26.9"" N"|"117°21'39.6"" E"|2||85
Benghazi|Benghazi|Africa|-|Libya|"32°7'0.1"" N"|"20°4'0.1"" E"|2||86
Benxi|Benxi|North-East Asia|147|China|"41°17'19.0"" N"|"123°45'54.0"" E"|2||87
Berlin|Berlin|Europe|34|Germany|"52°31'0.1"" N"|"13°24'0.0"" E"|2||88
Bermuda|Bermuda|North America||British Overseas Territory|"32°18'0"" N"|"64°47'0"" W"|3||89
Bhavnagar|Bhavnagar|South Asia|24|India|"21°46'0.1"" N"|"72°9'0.0"" E"|2||90
Bhiwandi|Bhiwandi|South Asia|23|India|"19°18'0.0"" N"|"73°4'0.1"" E"|2||91
Bhopal|Bhopal|South Asia|499|India|"23°16'0.1"" N"|"77°24'0.0"" E"|2||92
Bhubaneswar|Bhubaneswar|South Asia|28|India|"20°13'59.9"" N"|"85°49'59.9"" E"|2||93
Bikaner|Bikaner|South Asia|243|India|"28°1'0.1"" N"|"73°17'60.0"" E"|2||94
Birmingham|Birmingham|Europe|140|United Kingdom of Great Britain and Northern Ireland|"52°28'0.1"" N"|"1°55'0.0"" W"|2||95
Bishkek|Bishkek|Central Asia|712|Kyrgyzstan|"42°52'23.2"" N"|"74°36'1.1"" E"|2||96
Blantyre|Blantyre|Africa|574|Malawi|"15°46'59.9"" S"|"35°0'0.0"" E"|2||97
Bloemfontein|Bloemfontein|Africa|1398|South Africa|"29°7'59.9"" S"|"26°11'60.0"" E"|2||98
Bogor|Bogor|South-East Asia|200|Indonesia|"6°35'23.0"" S"|"106°47'27.6"" E"|2||99
Bombay|Bombay|South Asia|35|India|"18°58'30.0"" N"|"72°49'32.9"" E"|2||100
Boston|Boston|North America|10|United States of America|"42°19'59.9"" N"|"71°2'60.0"" W"|1|Alpha world city|101
Bouake|Bouake|Africa|313|Côte d'Ivoire|"7°40'60.0"" N"|"5°1'59.0"" W"|2||102
Brampton|Brampton|North America|213|Canada|"43°40'59.9"" N"|"79°46'0.1"" W"|2||103
Brazzaville|Brazzaville|Africa|156|Congo|"4°15'33.0"" S"|"15°17'4.9"" E"|2||104
Bremen|Bremen|Europe|3|Germany|"53°4'59.9"" N"|"8°48'0.0"" E"|2||105
Bridgetown|Bridgetown|North America||Barbados|"13°06'21"" N"|"59°36'47"" W"|2|Capital of Barbados|106
Brisbane|Brisbane|South-East Asia|24|Australia|"27°30'0.0"" S"|"153°1'1.2"" E"|2||107
Bristol|Bristol|Europe|47|United Kingdom of Great Britain and Northern Ireland|"51°27'0.0"" N"|"2°34'60.0"" W"|2||108
Broome,_Western_Australia|Broome, Western Australia|South-East Asia||Australia|"17°57'43"" S"|"122°14'10"" E"|2||109
Brussels|Brussels|Europe|62|Belgium|"50°49'59.9"" N"|"4°19'60.0"" E"|1|Alpha world city|110
Bucaramanga|Bucaramanga|South America|1010|Colombia|"7°7'47.0"" N"|"73°7'32.9"" W"|2||111
Bucuresti|Bucuresti|Europe|77|Romania|"44°25'59.9"" N"|"26°6'0.0"" E"|2||112
Budapest|Budapest|Europe|103|Hungary|"47°30'0.0"" N"|"19°4'59.9"" E"|2||113
Buenos_Aires|Buenos Aires|South America|14|Argentina|"34°35'15.0"" S"|"58°40'21.0"" W"|1|Alpha world city|114
Bulawayo|Bulawayo|Africa|1353|Zimbabwe|"20°8'60.0"" S"|"28°34'59.9"" E"|2||115
Bursa|Bursa|Central Asia|155|Turkey|"40°11'30.1"" N"|"29°3'40.0"" E"|2||116
Busan|Busan|North-East Asia|6|South Korea|"35°6'10.1"" N"|"129°2'24.0"" E"|2||117
Cagayan_De_Oro|Cagayan De Oro|South-East Asia|8|Philippines|"8°28'56.0"" N"|"124°38'49.2"" E"|2||118
Cairo|Cairo|Africa|23|Egypt|"30°3'0.0"" N"|"31°15'0.0"" E"|2||119
Calabar|Calabar|Africa|99|Nigeria|"4°57'0.0"" N"|"8°19'0.0"" E"|2||120
Calcutta|Calcutta|South Asia|13|India|"22°34'10.9"" N"|"88°22'10.9"" E"|2||121
Calgary|Calgary|North America|1097|Canada|"51°4'59.9"" N"|"114°4'58.8"" W"|2||122
Cali|Cali|South America|745|Colombia|"3°26'14.0"" N"|"76°31'21.0"" W"|2||123
Calicut|Calicut|South Asia|1|India|"11°15'0.0"" N"|"75°46'0.1"" E"|2||124
Campinas|Campinas|South America|662|Brazil|"22°53'60.0"" S"|"47°4'59.9"" W"|2||125
Campo_Grande|Campo Grande|South America|586|Brazil|"20°26'60.0"" S"|"54°37'0.1"" W"|2||126
Cancun|Cancun|North America|5|Mexico|"21°10'0.1"" N"|"86°49'59.9"" W"|2||127
Cangzhou|Cangzhou|North-East Asia|12|China|"38°19'0.1"" N"|"116°52'1.2"" E"|2||128
Cape_Town|Cape Town|Africa|7|South Africa|"33°55'0.1"" S"|"18°25'0.1"" E"|2||129
Casablanca|Casablanca|Africa|42|Morocco|"33°35'35.2"" N"|"7°36'59.0"" W"|2||130
Cebu_City|Cebu City|South-East Asia|3|Philippines|"10°18'40.0"" N"|"123°53'31.2"" E"|2||131
Chaiyaphum|Chaiyaphum|South-East Asia|208|Thailand|"15°48'0.0"" N"|"102°1'58.8"" E"|2||132
Chandigarh|Chandigarh|South Asia|339|India|"30°44'13.9"" N"|"76°47'13.9"" E"|2||133
Changchun|Changchun|North-East Asia|200|China|"43°52'48.0"" N"|"125°19'22.8"" E"|2||134
Changde|Changde|North-East Asia|35|China|"29°1'55.9"" N"|"111°40'40.8"" E"|2||135
Changsha|Changsha|North-East Asia|46|China|"28°10'45.1"" N"|"113°6'50.4"" E"|2||136
Changzhou|Changzhou|North-East Asia|7|China|"31°46'59.9"" N"|"119°58'1.2"" E"|2||137
Charlotte|Charlotte|North America|229|United States of America|"35°13'36.8"" N"|"80°50'35.9"" W"|2||138
Cheboksary|Cheboksary|Russia|74|Russian Federation|"56°7'55.9"" N"|"47°15'6.8"" E"|2||139
Chelyabinsk|Chelyabinsk|Russia|237|Russian Federation|"55°9'15.8"" N"|"61°25'46.9"" E"|2||140
Chengde|Chengde|North-East Asia|272|China|"40°46'13.1"" N"|"118°10'12.0"" E"|2||141
Chengdu|Chengdu|North-East Asia|530|China|"30°40'0.1"" N"|"104°4'1.2"" E"|2||142
Chiang_Mai|Chiang Mai|South-East Asia|288|Thailand|"18°47'25.1"" N"|"98°58'54.1"" E"|2||143
Chiang_Rai|Chiang Rai|South-East Asia|429|Thailand|"19°52'59.9"" N"|"99°45'0.0"" E"|2||144
Chiba,_Chiba|Chiba, Chiba|North-East Asia|2|Japan|"35°36'0.0"" N"|"140°7'1.2"" E"|2||145
Chicago|Chicago|North America|181|United States of America|"41°51'0.0"" N"|"87°39'0.0"" W"|1|Alpha world city|146
Chiclayo|Chiclayo|South America|1|Peru|"6°46'25.0"" S"|"79°50'30.1"" W"|2||147
Chisinau|Chisinau|Europe|115|Moldova, Republic of|"47°0'20.2"" N"|"28°51'27.0"" E"|2||148
Chittagong|Chittagong|South Asia|25|Bangladesh|"22°21'49.0"" N"|"91°48'11.9"" E"|2||149
Chongqing|Chongqing|North-East Asia|265|China|"29°33'46.1"" N"|"106°33'10.8"" E"|2||150
Chonju|Chonju|North-East Asia|29|South Korea|"35°49'18.8"" N"|"127°8'56.4"" E"|2||151
Christchurch|Christchurch|South-East Asia||New Zealand|"43°31'48"" S"|"172°37'13"" E"|2||152
Chumphon|Chumphon|South-East Asia|229|Thailand|"10°30'0.0"" N"|"99°10'0.1"" E"|2||153
Cleveland|Cleveland|North America|185|United States of America|"41°29'57.8"" N"|"81°41'44.2"" W"|2||154
Cluj|Cluj|Europe|480|Romania|"46°46'0.1"" N"|"23°36'0.0"" E"|2||155
Cochabamba|Cochabamba|South America|2554|Bolivia|"17°22'59.9"" S"|"66°9'0.0"" W"|2|Located at 2554m above sea level|156
Coimbatore|Coimbatore|South Asia|380|India|"10°59'33.0"" N"|"76°57'41.0"" E"|2||157
Cologne|Cologne|Europe|46|Germany|"50°55'59.9"" N"|"6°57'0.0"" E"|2||158
Colombo|Colombo|South Asia|1|Sri Lanka|"6°55'55.0"" N"|"79°50'52.1"" E"|2||159
Columbus,_Ohio|Columbus, Ohio|North America|237|United States of America|"39°57'40.0"" N"|"82°59'56.0"" W"|2||160
Conakry|Conakry|Africa|324|Guinea|"9°32'6.0"" N"|"13°41'16.1"" W"|2||161
Copenhagen|Copenhagen|Europe|-|Denmark|"55°40'0.1"" N"|"12°34'59.9"" E"|2||162
Córdoba,_Argentina|Córdoba, Argentina|South America|410|Argentina|"31°23'60.0"" S"|"64°10'59.9"" W"|2||163
Cotonou|Cotonou|Africa|52|Benin|"6°20'60.0"" N"|"2°25'60.0"" E"|2||164
Cucuta|Cucuta|South America|308|Colombia|"7°52'60.0"" N"|"72°30'19.1"" W"|2||165
Cuiaba|Cuiaba|South America|198|Brazil|"15°34'59.9"" S"|"56°4'59.9"" W"|2||166
Culiacan|Culiacan|North America|71|Mexico|"24°47'57.8"" N"|"107°23'24.0"" W"|2||167
Curitiba|Curitiba|South America|914|Brazil|"25°25'0.1"" S"|"49°15'0.0"" W"|2||168
Cuttack|Cuttack|South Asia|37|India|"20°30'0.0"" N"|"85°49'59.9"" E"|2||169
Da_Nang|Da Nang|South-East Asia|7|Viet Nam|"16°4'4.1"" N"|"108°13'15.6"" E"|2||170
Dadiangas|Dadiangas|South-East Asia|10|Philippines|"6°6'46.0"" N"|"125°10'19.2"" E"|2||171
Daejeon|Daejeon|North-East Asia|44|South Korea|"36°19'17.0"" N"|"127°25'12.0"" E"|2||172
Dakar|Dakar|Africa|10|Senegal|"14°40'14.9"" N"|"17°26'17.2"" W"|2||173
Dalian|Dalian|North-East Asia|7|China|"38°54'43.9"" N"|"121°36'7.2"" E"|2||174
Dallas|Dallas|North America|137|United States of America|"32°46'59.9"" N"|"96°47'60.0"" W"|2||175
Damascus|Damascus|Central Asia|692|Syrian Arab Republic|"33°30'0.0"" N"|"36°17'60.0"" E"|2||176
Dandong|Dandong|North-East Asia|1|China|"40°7'45.1"" N"|"124°23'42.0"" E"|2||177
Dar_Es_Salaam|Dar Es Salaam|Africa|1|Tanzania|"6°47'60.0"" S"|"39°16'59.9"" E"|2||178
Darwin,_Northern_Territory|Darwin, Northern Territory|South-East Asia||Australia|"12°27'0"" S"|"130°50'0"" E"|2||179
Dasmarinas|Dasmarinas|South-East Asia|83|Philippines|"14°19'45.8"" N"|"120°56'13.2"" E"|2||180
Dasmarinas|Dasmarinas|South-East Asia|83|Philippines|"14°19'45.8"" N"|"120°56'13.2"" E"|2||181
Datong|Datong|North-East Asia|1017|China|"40°2'30.1"" N"|"113°35'49.2"" E"|2||182
Davao_City|Davao City|South-East Asia|695|Philippines|"7°4'23.0"" N"|"125°36'46.8"" E"|2||183
Dehra_Dun|Dehra Dun|South Asia|652|India|"30°19'0.1"" N"|"78°1'59.9"" E"|2||184
Delhi|Delhi|South Asia|215|India|"28°40'0.1"" N"|"77°13'0.1"" E"|2||185
Detroit|Detroit|North America|181|United States of America|"42°19'53.0"" N"|"83°2'44.9"" W"|2||186
Dhaka|Dhaka|South Asia|4|Bangladesh|"23°43'23.2"" N"|"90°24'31.0"" E"|2||187
Diyarbakir|Diyarbakir|Central Asia|676|Turkey|"37°55'8.0"" N"|"40°12'38.2"" E"|2||188
Dortmund|Dortmund|Europe|90|Germany|"51°31'0.1"" N"|"7°27'0.0"" E"|2||189
Douala|Douala|Africa|1|Cameroon|"4°3'1.0"" N"|"9°41'60.0"" E"|2||190
Dras|Dras|South Asia||India|"34°25'41.35"" N"|"75°45'4.25"" E"|2|The coldest place in India, experiencing a subarctic climate due to its location in the Himalayas|191
Dresden|Dresden|Europe|111|Germany|"51°2'60.0"" N"|"13°45'0.0"" E"|2||192
Dubai|Dubai|Central Asia|9|United Arab Emirates|"25°15'7.9"" N"|"55°16'48.0"" E"|1|Alpha world city|193
Dubayy|Dubayy|Central Asia|53|United Arab Emirates|"25°15'7.9"" N"|"55°16'48.0"" E"|2||194
Dublin|Dublin|Europe|9|Ireland|"53°19'59.2"" N"|"6°14'56.0"" W"|1|Alpha world city|195
Duisburg|Duisburg|Europe|33|Germany|"51°25'59.9"" N"|"6°45'0.0"" E"|2||196
Dunedin|Dunedin|South-East Asia||New Zealand|"45°52'0"" S"|"170°30'0"" E"|2||197
Durban|Durban|Africa|23|South Africa|"29°51'0.0"" S"|"31°1'0.1"" E"|2||198
Dusseldorf|Dusseldorf|Europe|37|Germany|"51°13'0.1"" N"|"6°46'0.0"" E"|2||199
Easter_Island|Easter Island|South America||Chile|"27°7'0"" S"|"109°22'0"" W"|3||200
Edinburgh|Edinburgh|Europe|152|United Kingdom of Great Britain and Northern Ireland|"55°57'0.0"" N"|"3°12'0.0"" W"|2||201
Edmonton|Edmonton|North America|643|Canada|"53°32'60.0"" N"|"113°30'0.0"" W"|2||202
El_Paso|El Paso|North America|1147|United States of America|"31°45'31.0"" N"|"106°29'9.6"" W"|2||203
Elazig|Elazig|Central Asia|1265|Turkey|"38°40'31.1"" N"|"39°13'14.2"" E"|2||204
Enugu|Enugu|Africa|152|Nigeria|"6°25'60.0"" N"|"7°28'60.0"" E"|2||205
Erzerum|Erzerum|Central Asia|1773|Turkey|"39°54'31.0"" N"|"41°16'36.8"" E"|2|Located at 1773m above sea level|206
Esfahan|Esfahan|Central Asia|1566|Iran|"32°39'34.9"" N"|"51°40'17.0"" E"|2|Located at 1566m above sea level|207
Eskisehir|Eskisehir|Central Asia|799|Turkey|"39°46'36.1"" N"|"30°31'14.2"" E"|2||208
Essaouira|Essaouira|Africa|415|Morocco|"31°30'47.2"" N"|"9°46'11.0"" W"|2||209
Essen|Essen|Europe|100|Germany|"51°27'0.0"" N"|"7°1'0.0"" E"|2||210
Faisalabad|Faisalabad|South Asia|175|Pakistan|"31°25'0.1"" N"|"73°4'59.9"" E"|2||211
Faridabad|Faridabad|South Asia|197|India|"28°25'59.9"" N"|"77°19'0.1"" E"|2||212
Fes|Fes|Africa|582|Morocco|"34°3'10.1"" N"|"4°58'58.0"" W"|2||213
Fort_McMurray|Fort McMurray|North America||Canada|"56°43'35"" N"|"111°22'49"" W"|3||214
Fort_Worth|Fort Worth|North America|199|United States of America|"32°43'31.1"" N"|"97°19'14.2"" W"|2||215
Foshan|Foshan|North-East Asia|12|China|"23°1'59.9"" N"|"113°7'1.2"" E"|2||216
Frankfurt|Frankfurt|Europe|113|Germany|"50°7'0.1"" N"|"8°40'60.0"" E"|1|Alpha world city|217
Freetown|Freetown|Africa|15|Sierra Leone|"8°29'24.0"" N"|"13°14'3.1"" W"|2||218
Fresno|Fresno|North America|91|United States of America|"36°44'52.1"" N"|"119°46'15.6"" W"|2||219
Fukuoka|Fukuoka|North-East Asia|14|Japan|"33°34'59.9"" N"|"130°24'0.0"" E"|2||220
Fuxin|Fuxin|North-East Asia|129|China|"42°0'56.2"" N"|"121°39'32.4"" E"|2||221
Fuzhou|Fuzhou|North-East Asia|22|China|"26°3'41.0"" N"|"119°18'21.6"" E"|2||222
Garoua|Garoua|Africa|214|Cameroon|"9°18'0.0"" N"|"13°24'0.0"" E"|2||223
Gaziantep|Gaziantep|Central Asia|859|Turkey|"37°3'33.8"" N"|"37°22'57.0"" E"|2||224
Gdansk|Gdansk|Europe|15|Poland|"54°21'0.0"" N"|"18°40'0.1"" E"|2||225
General_Santos_City|General Santos City|South-East Asia|15|Philippines|"6°6'46.0"" N"|"125°10'19.2"" E"|2||226
Geneve|Geneve|Europe|374|Switzerland|"46°12'0.0"" N"|"6°10'0.0"" E"|2||227
Genoa|Genoa|Europe|37|Italy|"44°25'0.1"" N"|"8°56'60.0"" E"|2||228
Ghom|Ghom|Central Asia|925|Iran|"34°38'43.1"" N"|"50°52'50.9"" E"|2||229
Gizeh|Gizeh|Africa|22|Egypt|"30°0'31.0"" N"|"31°12'43.9"" E"|2||230
Glasgow|Glasgow|Europe|66|United Kingdom of Great Britain and Northern Ireland|"55°49'59.9"" N"|"4°15'0.0"" W"|2||231
Goiania|Goiania|South America|785|Brazil|"16°40'0.1"" S"|"49°16'0.1"" W"|2||232
Gold_Coast,_Queensland|Gold Coast, Queensland|South-East Asia|1|Australia|"28°0'0.0"" S"|"153°25'58.8"" E"|2||233
Gomel|Gomel|Europe|-|Belarus|"52°26'30.1"" N"|"30°58'59.9"" E"|2||234
Gorakhpur|Gorakhpur|South Asia|209|India|"29°26'60.0"" N"|"75°40'59.9"" E"|2||235
Goteborg|Goteborg|Europe|-|Sweden|"57°43'0.1"" N"|"11°58'0.1"" E"|2||236
Guadalajara|Guadalajara|North America|1582|Mexico|"20°40'0.1"" N"|"103°19'58.8"" W"|2|Located at 1582m above sea level|237
Guangzhou|Guangzhou|North-East Asia|10|China|"23°7'0.1"" N"|"113°15'0.0"" E"|2||238
Guarulhos|Guarulhos|South America|682|Brazil|"23°28'0.1"" S"|"46°31'59.9"" W"|2||239
Guayaquil|Guayaquil|South America|80|Ecuador|"2°10'0.0"" S"|"79°54'0.0"" W"|2||240
Guilin|Guilin|North-East Asia|138|China|"25°16'59.9"" N"|"110°16'58.8"" E"|2||241
Guiyang|Guiyang|North-East Asia|1089|China|"26°34'59.9"" N"|"106°43'1.2"" E"|2||242
Gujranwala|Gujranwala|South Asia|250|Pakistan|"32°8'60.0"" N"|"74°10'59.9"" E"|2||243
Gulbarga|Gulbarga|South Asia|470|India|"17°19'59.9"" N"|"76°49'59.9"" E"|2||244
Guntur|Guntur|South Asia|36|India|"16°18'0.0"" N"|"80°27'0.0"" E"|2||245
Guwahati|Guwahati|South Asia|33|India|"26°10'59.9"" N"|"91°43'59.9"" E"|2||246
Gwalior|Gwalior|South Asia|271|India|"26°13'25.0"" N"|"78°10'45.1"" E"|2||247
Ha_Noi|Ha Noi|South-East Asia|26|Viet Nam|"21°1'59.9"" N"|"105°50'60.0"" E"|2||248
Hai_Phong|Hai Phong|South-East Asia|3|Viet Nam|"20°51'22.0"" N"|"106°40'55.2"" E"|2||249
Haikou|Haikou|North-East Asia|-|China|"20°2'44.9"" N"|"110°20'31.2"" E"|2||250
Halifax,_Nova_Scotia|Halifax, Nova Scotia|North America||Canada|"44°38'52"" N"|"63°34'17"" W"|2||251
Hamadan|Hamadan|Central Asia|1824|Iran|"34°47'46.0"" N"|"48°30'56.9"" E"|2|Located at 1824m above sea level|252
Hamah|Hamah|Central Asia|264|Syrian Arab Republic|"35°7'59.9"" N"|"36°45'0.0"" E"|2||253
Hamamatsu|Hamamatsu|North-East Asia|14|Japan|"34°42'0.0"" N"|"137°43'58.8"" E"|2||254
Hamburg|Hamburg|Europe|3|Germany|"53°32'60.0"" N"|"10°0'0.0"" E"|2||255
Hamilton,_Ontario|Hamilton, Ontario|North America|92|Canada|"43°15'0.0"" N"|"79°49'59.9"" W"|2||256
Hangzhou|Hangzhou|North-East Asia|18|China|"30°15'19.1"" N"|"120°10'8.4"" E"|2||257
Hanover|Hanover|Europe|63|Germany|"52°22'0.1"" N"|"9°43'0.0"" E"|2||258
Haora|Haora|South Asia|16|India|"22°35'21.1"" N"|"88°18'37.1"" E"|2||259
Harare|Harare|Africa|1522|Zimbabwe|"17°49'4.1"" S"|"31°2'40.9"" E"|2||260
Harbin|Harbin|North-East Asia|168|China|"45°45'0.0"" N"|"126°39'0.0"" E"|2||261
Hargeisa|Hargeisa|Africa|947|Somalia|"9°34'60.0"" N"|"44°4'0.1"" E"|2||262
Havana|Havana|North America|5|Cuba|"23°7'54.8"" N"|"82°21'51.1"" W"|2||263
Hefei|Hefei|North-East Asia|18|China|"31°51'50.0"" N"|"117°16'51.6"" E"|2||264
Hegang|Hegang|North-East Asia|197|China|"47°23'60.0"" N"|"130°22'1.2"" E"|2||265
Helsinki|Helsinki|Europe|23|Finland|"60°10'32.2"" N"|"24°56'3.1"" E"|2||266
Hengyang|Hengyang|North-East Asia|78|China|"26°53'17.2"" N"|"112°36'54.0"" E"|2||267
Hermosillo|Hermosillo|North America|195|Mexico|"29°4'0.1"" N"|"110°58'1.2"" W"|2||268
Himeji|Himeji|North-East Asia|11|Japan|"34°49'0.1"" N"|"134°41'60.0"" E"|2||269
Hims|Hims|Central Asia|510|Syrian Arab Republic|"34°43'59.9"" N"|"36°43'0.1"" E"|2||270
Hiroshima|Hiroshima|North-East Asia|32|Japan|"34°23'60.0"" N"|"132°26'60.0"" E"|2||271
Ho_Chi_Minh_City|Ho Chi Minh City|South-East Asia|4|Viet Nam|"10°45'0.0"" N"|"106°40'1.2"" E"|2||272
Hobart|Hobart|South-East Asia||Australia|"42°52'50"" S"|"147°19'30"" E"|2||273
Hohhot|Hohhot|North-East Asia|1092|China|"40°48'38.2"" N"|"111°39'7.2"" E"|2||274
Hong_Kong|Hong Kong|North-East Asia|89|Hong Kong|"22°16'59.9"" N"|"114°9'0.0"" E"|1|Alpha world city|275
Honolulu|Honolulu|North America||United States of America|"21°18'0"" N"|"157°49'0"" W"|2||276
Houston|Houston|North America|15|United States of America|"29°45'47.2"" N"|"95°21'47.2"" W"|2||277
Hubli|Hubli|South Asia|651|India|"15°20'60.0"" N"|"75°10'0.1"" E"|2||278
Hyderabad|Hyderabad|South Asia|494|India|"17°22'31.1"" N"|"78°28'27.8"" E"|2||279
Ibadan|Ibadan|Africa|248|Nigeria|"7°23'16.0"" N"|"3°53'47.0"" E"|2||280
Indianapolis|Indianapolis|North America|222|United States of America|"39°46'5.9"" N"|"86°9'29.2"" W"|2||281
Indore|Indore|South Asia|541|India|"22°43'0.1"" N"|"75°49'59.9"" E"|2||282
Ipoh|Ipoh|South-East Asia|47|Malaysia|"4°34'60.0"" N"|"101°4'58.8"" E"|2||283
Iqaluit|Iqaluit|North America||Canada|"63°44'55"" N"|"068°31'11"" W"|3|The smallest of Canada’s territorial/provincial capitals|284
Iquitos|Iquitos|South America|107|Peru|"3°44'53.0"" S"|"73°14'49.9"" W"|2||285
Irbil|Irbil|Central Asia|429|Iraq|"36°11'24.0"" N"|"44°0'32.0"" E"|2||286
Irkutsk|Irkutsk|Russia|495|Russian Federation|"52°16'0.1"" N"|"104°19'58.8"" E"|2|Borderline subartic / humid continental climate in this Siberian city of almost 600,000 people|287
Islamabad|Islamabad|South Asia|497|Pakistan|"33°42'0.0"" N"|"73°10'0.1"" E"|2||288
Istanbul|Istanbul|Central Asia|157|Turkey|"41°1'7.0"" N"|"28°57'52.9"" E"|1|Alpha world city|289
Izhevsk|Izhevsk|Russia|133|Russian Federation|"56°51'0.0"" N"|"53°13'59.9"" E"|2||290
Izmir|Izmir|Central Asia|559|Turkey|"38°24'25.9"" N"|"27°9'1.1"" E"|2||291
Jabalpur|Jabalpur|South Asia|403|India|"23°10'0.1"" N"|"79°57'0.0"" E"|2||292
Jacksonville|Jacksonville|North America|7|United States of America|"30°19'54.8"" N"|"81°39'20.9"" W"|2||293
Jaipur|Jaipur|South Asia|428|India|"26°55'0.1"" N"|"75°49'0.1"" E"|2||294
Jakarta|Jakarta|South-East Asia|1|Indonesia|"6°10'28.0"" S"|"106°49'44.4"" E"|1|Alpha world city|295
Jalandhar|Jalandhar|South Asia|226|India|"31°19'32.2"" N"|"75°34'45.1"" E"|2||296
Jammu|Jammu|South Asia|368|India|"32°43'59.9"" N"|"74°52'0.1"" E"|2||297
Jamnagar|Jamnagar|South Asia|13|India|"22°28'0.1"" N"|"70°4'0.1"" E"|2||298
Jamshedpur|Jamshedpur|South Asia|135|India|"22°48'0.0"" N"|"86°10'59.9"" E"|2||299
Jiamusi|Jiamusi|North-East Asia|61|China|"46°49'59.9"" N"|"130°20'60.0"" E"|2||300
Jibuti|Jibuti|Africa|1|Djibouti|"11°35'42.0"" N"|"43°8'53.2"" E"|2||301
Jiddah|Jiddah|Central Asia|34|Saudi Arabia|"21°31'0.8"" N"|"39°13'9.1"" E"|2||302
Jilin_City|Jilin City|North-East Asia|189|China|"43°51'2.9"" N"|"126°33'36.0"" E"|2||303
Jinan|Jinan|North-East Asia|27|China|"36°40'5.9"" N"|"116°59'49.2"" E"|2||304
Joao_Pessoa|Joao Pessoa|South America|4|Brazil|"7°7'0.0"" S"|"34°52'0.1"" W"|2||305
Jodhpur|Jodhpur|South Asia|232|India|"26°17'12.1"" N"|"73°1'48.0"" E"|2||306
Johannesburg|Johannesburg|Africa|1775|South Africa|"26°11'60.0"" S"|"28°4'59.9"" E"|1|Alpha world city, located at 1775m above sea level|307
Johor_Bahru|Johor Bahru|South-East Asia|5|Malaysia|"1°28'0.0"" N"|"103°45'0.0"" E"|2||308
Joinville|Joinville|South America|120|Brazil|"26°18'0.0"" S"|"48°49'59.9"" W"|2||309
Jos|Jos|Africa|1286|Nigeria|"9°55'0.0"" N"|"8°54'0.0"" E"|2||310
Juneau,_Alaska|Juneau, Alaska|North America|||"58°18'0"" N"|"134°25'0"" W"|2|Capital city of Alaska|311
Kabul|Kabul|Central Asia|1808|Afghanistan|"34°31'0.1"" N"|"69°10'59.9"" E"|2|Located at 1808m above sea level|312
Kagoshima|Kagoshima|North-East Asia|89|Japan|"31°36'0.0"" N"|"130°33'0.0"" E"|2||313
Kaifeng|Kaifeng|North-East Asia|77|China|"34°44'39.1"" N"|"114°25'8.4"" E"|2||314
Kaliningrad|Kaliningrad|Russia|15|Russian Federation|"54°42'36.0"" N"|"20°30'0.0"" E"|2|431,902 live in this Russian exclave city|315
Kalyan|Kalyan|South Asia|14|India|"19°15'0.0"" N"|"73°9'0.0"" E"|2||316
Kampala|Kampala|Africa|1206|Uganda|"0°18'56.0"" N"|"32°33'56.2"" E"|2||317
Kananga|Kananga|Africa|609|Congo DRC|"5°53'45.0"" S"|"22°25'4.1"" E"|2||318
Kanazawa|Kanazawa|North-East Asia|20|Japan|"36°34'0.1"" N"|"136°39'0.0"" E"|2||319
Kano|Kano|Africa|518|Nigeria|"11°59'47.0"" N"|"8°31'0.0"" E"|2||320
Kanpur|Kanpur|South Asia|130|India|"26°28'0.1"" N"|"80°20'60.0"" E"|2||321
Kaohsiung|Kaohsiung|North-East Asia|-|Taiwan|"22°37'59.9"" N"|"120°20'60.0"" E"|2||322
Karachi|Karachi|South Asia|14|Pakistan|"24°52'0.1"" N"|"67°2'60.0"" E"|2||323
Karaj|Karaj|Central Asia|1138|Iran|"35°49'44.0"" N"|"51°0'20.9"" E"|2||324
Kathmandu|Kathmandu|South Asia|1304|Nepal|"27°43'0.1"" N"|"85°19'0.1"" E"|2||325
Katsina|Katsina|Africa|465|Nigeria|"12°59'52.1"" N"|"7°35'58.0"" E"|2||326
Kayseri|Kayseri|Central Asia|1055|Turkey|"38°43'55.9"" N"|"35°29'7.1"" E"|2||327
Kazan|Kazan|Russia|-|Russian Federation|"55°45'0.0"" N"|"49°7'59.9"" E"|2||328
Kemerovo|Kemerovo|Russia|131|Russian Federation|"55°19'59.9"" N"|"86°4'59.9"" E"|2||329
Kermanshah|Kermanshah|Central Asia|1389|Iran|"34°18'51.1"" N"|"47°3'54.0"" E"|2||330
Khabarovsk|Khabarovsk|Russia|81|Russian Federation|"48°30'0.0"" N"|"135°5'60.0"" E"|2|This city's extreme climate sees average highs and lows vary by around 50 °C per year|331
Kharkiv|Kharkiv|Europe|114|Ukraine|"50°0'0.0"" N"|"36°15'0.0"" E"|2||332
Khartoum|Khartoum|Africa|379|Sudan|"15°35'17.2"" N"|"32°32'3.1"" E"|2||333
Khulna|Khulna|South Asia|9|Bangladesh|"22°48'0.0"" N"|"89°32'60.0"" E"|2||334
Kiev|Kiev|Europe|169|Ukraine|"50°25'59.9"" N"|"30°31'0.1"" E"|2||335
Kigale|Kigale|Africa|1568|Rwanda|"1°57'13.0"" S"|"30°3'38.2"" E"|2|Located at 1568m above sea level|336
Kingston,_Jamaica|Kingston, Jamaica|North America|42|Jamaica|"18°0'0.0"" N"|"76°47'60.0"" W"|2||337
Kinshasa|Kinshasa|Africa|178|Congo DRC|"4°17'60.0"" S"|"15°18'0.0"" E"|2||338
Kirkuk|Kirkuk|Central Asia|354|Iraq|"35°28'5.2"" N"|"44°23'31.9"" E"|2||339
Kirov,_Kirov_Oblast|Kirov, Kirov Oblast|Russia|179|Russian Federation|"58°35'48.8"" N"|"49°39'29.9"" E"|2||340
Kisangani|Kisangani|Africa|430|Congo DRC|"0°31'0.0"" N"|"25°11'60.0"" E"|2||341
Kobe|Kobe|North-East Asia|46|Japan|"34°40'59.9"" N"|"135°10'1.2"" E"|2||342
Kochi|Kochi|South Asia|-|India|"9°58'0.0"" N"|"76°13'59.9"" E"|2||343
Koeln|Koeln|Europe|46|Germany|"50°55'59.9"" N"|"6°57'0.0"" E"|2||344
Kolhapur|Kolhapur|South Asia|531|India|"16°41'60.0"" N"|"74°13'0.1"" E"|2||345
Konya|Konya|Central Asia|1203|Turkey|"37°51'56.2"" N"|"32°28'57.0"" E"|2||346
Kota_Kinabalu|Kota Kinabalu|South-East Asia|9|Malaysia|"5°58'60.0"" N"|"116°4'1.2"" E"|2||347
Krakow|Krakow|Europe|233|Poland|"50°4'59.9"" N"|"19°55'0.1"" E"|2||348
Krasnodar|Krasnodar|Russia|45|Russian Federation|"45°1'58.1"" N"|"38°58'36.8"" E"|2||349
Krasnoyarsk|Krasnoyarsk|Russia|232|Russian Federation|"56°0'34.9"" N"|"92°47'30.1"" E"|2||350
Kryvyy_Rih|Kryvyy Rih|Europe|81|Ukraine|"47°55'0.1"" N"|"33°21'0.0"" E"|2||351
Kuala_Lumpur|Kuala Lumpur|South-East Asia|62|Malaysia|"3°10'0.0"" N"|"101°42'0.0"" E"|1|Alpha world city|352
Kuching|Kuching|South-East Asia|1|Malaysia|"1°33'0.0"" N"|"110°19'58.8"" E"|2||353
Kugluktuk|Kugluktuk|North America||Canada|"67°49'32"" N"|"115°05'42"" W"|3||354
Kumamoto|Kumamoto|North-East Asia|32|Japan|"32°47'60.0"" N"|"130°43'1.2"" E"|2||355
Kumasi|Kumasi|Africa|252|Ghana|"6°40'60.0"" N"|"1°37'0.0"" W"|2||356
Kunming|Kunming|North-East Asia|1911|China|"25°2'20.0"" N"|"102°43'4.8"" E"|2|Located at 1911m above sea level|357
Kwangju|Kwangju|North-East Asia|31|South Korea|"35°9'16.9"" N"|"126°54'57.6"" E"|2||358
Kyoto|Kyoto|North-East Asia|74|Japan|"35°0'0.0"" N"|"135°45'0.0"" E"|2||359
La_Paz|La Paz|South America|3829|Bolivia|"16°30'0.0"" S"|"68°9'0.0"" W"|2|Located at 3829m above sea level|360
La_Plata|La Plata|South America|29|Argentina|"34°55'53.0"" S"|"57°56'56.0"" W"|2||361
La_Rinconada,_Peru|La Rinconada, Peru|South America||Peru|"14°37'57"" S"|"69°26'45"" W"|2|50,000 people living in the highest inhabited place on earth|362
Labrador_City|Labrador City|North America||Canada|"52°57'0"" N"|"66°55'0"" W"|2|Iron ore mining town|363
Lagos|Lagos|Africa|39|Nigeria|"6°27'11.0"" N"|"3°23'45.0"" E"|2||364
Lahore|Lahore|South Asia|210|Pakistan|"31°32'58.9"" N"|"74°20'37.0"" E"|2||365
Lakhnau|Lakhnau|South Asia|132|India|"26°51'0.0"" N"|"80°55'0.1"" E"|2||366
Lampang|Lampang|South-East Asia|248|Thailand|"18°17'53.9"" N"|"99°30'25.9"" E"|2||367
Lanzhou|Lanzhou|North-East Asia|1572|China|"36°3'23.0"" N"|"103°47'31.2"" E"|2||368
Larache|Larache|Africa|323|Morocco|"35°11'49.9"" N"|"6°9'12.0"" W"|2||369
Las_Vegas|Las Vegas|North America|609|United States of America|"36°10'30.0"" N"|"115°8'9.6"" W"|2||370
Leeds|Leeds|Europe|61|United Kingdom of Great Britain and Northern Ireland|"53°47'60.0"" N"|"1°34'60.0"" W"|2||371
Leipzig|Leipzig|Europe|110|Germany|"51°17'60.0"" N"|"12°19'59.9"" E"|2||372
Lhasa|Lhasa|North-East Asia||China|"29°39'0"" N"|"91°07'0"" E"|2|Capital of Tibet|373
Libreville|Libreville|Africa|-|Gabon|"0°22'60.0"" N"|"9°26'60.0"" E"|2||374
Lilongwe|Lilongwe|Africa|1171|Malawi|"13°58'59.9"" S"|"33°46'59.9"" E"|2||375
Lima|Lima|South America|712|Peru|"12°3'0.0"" S"|"77°2'60.0"" W"|2||376
Lisboa|Lisboa|Europe|231|Portugal|"38°43'0.1"" N"|"9°7'60.0"" W"|2||377
Liuzhou|Liuzhou|North-East Asia|91|China|"24°18'45.0"" N"|"109°23'20.4"" E"|2||378
Liverpool|Liverpool|Europe|6|United Kingdom of Great Britain and Northern Ireland|"53°25'0.1"" N"|"3°0'0.0"" W"|2||379
Lodz|Lodz|Europe|198|Poland|"51°45'0.0"" N"|"19°28'0.1"" E"|2||380
Loei|Loei|South-East Asia|246|Thailand|"17°25'59.9"" N"|"101°43'1.2"" E"|2||381
Lomé|Lomé|Africa|74|Togo|"6°7'55.0"" N"|"1°13'22.0"" E"|2||382
London|London|Europe|21|United Kingdom of Great Britain and Northern Ireland|"51°30'0.0"" N"|"0°7'0.0"" W"|1|Alpha world city|383
Londrina|Londrina|South America|546|Brazil|"23°18'0.0"" S"|"51°8'60.0"" W"|2||384
Long_Beach,_California|Long Beach, California|North America|1|United States of America|"33°46'0.8"" N"|"118°11'16.8"" W"|2||385
Longyearbyen|Longyearbyen|Europe||Norway|"78°13'0"" N"|"15°33'0"" E"|3||386
Los_Angeles|Los Angeles|North America|115|United States of America|"34°3'7.9"" N"|"118°14'34.8"" W"|1|Alpha world city|387
Luanda|Luanda|Africa|6|Angola|"8°50'18.0"" S"|"13°14'3.8"" E"|2||388
Ludhiana|Ludhiana|South Asia|243|India|"30°53'60.0"" N"|"75°50'60.0"" E"|2||389
Luoyang|Luoyang|North-East Asia|122|China|"34°41'1.0"" N"|"112°27'14.4"" E"|2||390
Lusaka|Lusaka|Africa|1277|Zambia|"15°25'0.1"" S"|"28°16'59.9"" E"|2||391
Luxor|Luxor|Africa||Egypt|"25°41'0"" N"|"32°39'0"" E"|2|Site of the Ancient Egyptian city of Thebes and one of the driest cities in the world|392
Lvov|Lvov|Europe|-|Ukraine|"49°49'59.9"" N"|"24°0'0.0"" E"|2||393
Lyon|Lyon|Europe|173|France|"45°45'0.0"" N"|"4°50'60.0"" E"|2||394
Maanshan|Maanshan|North-East Asia|-|China|"31°43'59.9"" N"|"118°28'58.8"" E"|2||395
Maceio|Maceio|South America|1|Brazil|"9°40'0.0"" S"|"35°43'0.1"" W"|2||396
Macquarie_Island|Macquarie Island|South-East Asia||Australia|"54°37'0.12"" S"|"158°51'0"" E"|3|Uninhabited UNESCO World Heritage Site, and part of Australia|397
Madras|Madras|South Asia|7|India|"13°4'59.9"" N"|"80°16'59.9"" E"|2||398
Madrid|Madrid|Europe|638|Spain|"40°23'60.0"" N"|"3°40'60.0"" W"|1|Alpha world city|399
Madurai|Madurai|South Asia|135|India|"9°55'60.0"" N"|"78°7'0.1"" E"|2||400
Maha_Sarakham|Maha Sarakham|South-East Asia|149|Thailand|"16°10'59.9"" N"|"103°13'1.2"" E"|2||401
Maiduguri|Maiduguri|Africa|300|Nigeria|"11°50'42.0"" N"|"13°9'36.0"" E"|2||402
Maisuru|Maisuru|South Asia|-|India|"12°18'25.9"" N"|"76°38'58.9"" E"|2||403
Makasar|Makasar|South-East Asia|3|Indonesia|"5°8'47.0"" S"|"119°26'20.4"" E"|2||404
Makhachkala|Makhachkala|Russia|-|Russian Federation|"42°58'31.1"" N"|"47°30'7.9"" E"|2||405
Malaga|Malaga|Europe|291|Spain|"36°43'0.1"" N"|"4°25'0.0"" W"|2||406
Malatia|Malatia|Central Asia|1006|Turkey|"38°21'11.9"" N"|"38°18'42.8"" E"|2||407
Manado|Manado|South-East Asia|16|Indonesia|"1°29'33.0"" N"|"124°50'16.8"" E"|2||408
Managua|Managua|South America|306|Nicaragua|"12°9'2.9"" N"|"86°16'5.9"" W"|2||409
Manaus|Manaus|South America|35|Brazil|"3°6'48.0"" S"|"60°1'31.1"" W"|2||410
Mandalay|Mandalay|South-East Asia|80|Myanmar|"22°0'0.0"" N"|"96°4'59.9"" E"|2||411
Manila|Manila|South-East Asia|19|Philippines|"14°36'15.1"" N"|"120°58'55.2"" E"|2||412
Maputo|Maputo|Africa|47|Mozambique|"25°57'55.1"" S"|"32°35'21.1"" E"|2||413
Mar_Del_Plata|Mar Del Plata|South America|39|Argentina|"38°0'0.0"" S"|"57°32'60.0"" W"|2||414
Maracaibo|Maracaibo|South America|3|Venezuela|"10°37'54.1"" N"|"71°38'26.2"" W"|2||415
Marrakech|Marrakech|Africa|451|Morocco|"31°37'59.9"" N"|"8°0'0.0"" W"|2||416
Marseille|Marseille|Europe|54|France|"43°17'60.0"" N"|"5°24'0.0"" E"|2||417
Mashhad|Mashhad|Central Asia|1022|Iran|"36°17'44.9"" N"|"59°36'42.8"" E"|2||418
Matsuyama|Matsuyama|North-East Asia|28|Japan|"33°50'11.0"" N"|"132°45'10.8"" E"|2||419
Mecca|Mecca|Central Asia|307|Saudi Arabia|"21°25'36.1"" N"|"39°49'34.0"" E"|2||420
Medan|Medan|South-East Asia|52|Indonesia|"3°34'60.0"" N"|"98°40'0.1"" E"|2||421
Medellín|Medellín|South America|1510|Colombia|"6°17'29.0"" N"|"75°32'10.0"" W"|2|Located at 1510m above sea level|422
Medina|Medina|Central Asia|628|Saudi Arabia|"24°28'7.0"" N"|"39°36'51.1"" E"|2||423
Meerut|Meerut|South Asia|220|India|"28°58'59.9"" N"|"77°42'0.0"" E"|2||424
Meknes|Meknes|Africa|548|Morocco|"33°53'60.0"" N"|"5°32'60.0"" W"|2||425
Melbourne|Melbourne|South-East Asia|58|Australia|"37°49'0.1"" S"|"144°58'1.2"" E"|1|Alpha world city|426
Memphis|Memphis|North America|75|United States of America|"34°55'5.2"" N"|"90°8'12.8"" W"|2||427
Mersin|Mersin|Central Asia|6|Turkey|"36°43'58.1"" N"|"34°38'39.1"" E"|2||428
Mesa,_Arizona|Mesa, Arizona|North America|386|United States of America|"33°25'19.9"" N"|"111°49'19.2"" W"|2||429
Mexicali|Mexicali|North America|2|Mexico|"32°39'6.8"" N"|"115°28'4.8"" W"|2||430
Mexico_City|Mexico City|North America|2224|Mexico|"19°23'60.0"" N"|"99°2'60.0"" W"|1|Alpha world city, located at 2224m above sea level|431
Miami|Miami|North America||United States of America|"25°46'31"" N"|"80°12'32"" W"|1|Alpha world city|432
Milan|Milan|Europe|110|Italy|"45°28'0.1"" N"|"9°11'60.0"" E"|1|Alpha world city|433
Milwaukee|Milwaukee|North America|195|United States of America|"43°2'20.0"" N"|"87°54'23.0"" W"|2||434
Minneapolis|Minneapolis|North America||United States of America|"44°59'0"" N"|"93°16'0"" W"|2||435
Minsk|Minsk|Europe|215|Belarus|"53°53'60.0"" N"|"27°34'0.1"" E"|2||436
Mississauga|Mississauga|North America|171|Canada|"43°8'60.0"" N"|"79°30'0.0"" W"|2||437
Mogadishu|Mogadishu|Africa|58|Somalia|"2°4'0.0"" N"|"45°22'0.1"" E"|2||438
Mombasa|Mombasa|Africa|1|Kenya|"4°2'60.0"" S"|"39°40'0.1"" E"|2||439
Monrovia|Monrovia|Africa|30|Liberia|"6°18'38.0"" N"|"10°48'16.9"" W"|2||440
Montevideo|Montevideo|South America|78|Uruguay|"34°51'29.2"" S"|"56°10'14.9"" W"|2||441
Montreal|Montreal|North America|113|Canada|"45°30'0.0"" N"|"73°34'59.9"" W"|2||442
Morelia|Morelia|North America|1895|Mexico|"19°41'60.0"" N"|"101°7'1.2"" W"|2|Located at 1895m above sea level|443
Moscow|Moscow|Russia|151|Russian Federation|"55°45'7.9"" N"|"37°36'56.2"" E"|1|Alpha world city|444
Mosul|Mosul|Central Asia|283|Iraq|"36°19'45.1"" N"|"43°5'10.0"" E"|2||445
Mudanjiang|Mudanjiang|North-East Asia|246|China|"44°34'59.9"" N"|"129°35'60.0"" E"|2||446
Multan|Multan|South Asia|125|Pakistan|"30°11'44.2"" N"|"71°28'31.1"" E"|2||447
Munich|Munich|Europe|508|Germany|"48°8'60.0"" N"|"11°34'59.9"" E"|1|Alpha world city|448
Murmansk|Murmansk|Russia||Russian Federation|"68°58'0"" N"|"33°05'0"" E"|3||449
Mwanza|Mwanza|Africa|1225|Tanzania|"2°31'0.0"" S"|"32°53'60.0"" E"|2||450
Nagoya|Nagoya|North-East Asia|15|Japan|"35°10'0.1"" N"|"136°55'1.2"" E"|2||451
Nagpur|Nagpur|South Asia|305|India|"21°8'60.0"" N"|"79°5'60.0"" E"|2||452
Nairobi|Nairobi|Africa|1731|Kenya|"1°16'60.0"" S"|"36°49'0.1"" E"|2|Located at 1731m above sea level|453
Nakhon_Phanom|Nakhon Phanom|South-East Asia|150|Thailand|"17°22'0.1"" N"|"104°43'1.2"" E"|2||454
Nakhon_Ratchasima|Nakhon Ratchasima|South-East Asia|181|Thailand|"14°58'0.1"" N"|"102°7'1.2"" E"|2||455
Nakhon_Sawan|Nakhon Sawan|South-East Asia|17|Thailand|"15°40'59.9"" N"|"100°7'1.2"" E"|2||456
Nakhon_Si_Thammarat|Nakhon Si Thammarat|South-East Asia|11|Thailand|"8°25'60.0"" N"|"99°58'0.1"" E"|2||457
Namangan|Namangan|Central Asia|633|Uzbekistan|"40°59'43.1"" N"|"71°40'21.0"" E"|2||458
Nanchang|Nanchang|North-East Asia|19|China|"28°33'0.0"" N"|"115°55'58.8"" E"|2||459
Nanjing|Nanjing|North-East Asia|12|China|"32°3'42.1"" N"|"118°46'40.8"" E"|2||460
Nanning|Nanning|North-East Asia|73|China|"22°49'0.1"" N"|"108°19'1.2"" E"|2||461
Nantong|Nantong|North-East Asia|8|China|"32°1'49.1"" N"|"120°52'30.0"" E"|2||462
Naples|Naples|Europe|-|Italy|"40°49'59.9"" N"|"14°15'0.0"" E"|2||463
Napoli|Napoli|Europe|-|Italy|"40°49'59.9"" N"|"14°15'0.0"" E"|2||464
Nashville|Nashville|North America|151|United States of America|"36°9'56.9"" N"|"86°47'3.8"" W"|2||465
Naucalpan|Naucalpan|North America|2290|Mexico|"19°28'45.8"" N"|"99°14'17.9"" W"|2|Located at 2290m above sea level|466
Neijiang|Neijiang|North-East Asia|318|China|"29°35'1.0"" N"|"105°3'32.4"" E"|2||467
New_Orleans|New Orleans|North America|-|United States of America|"29°57'15.8"" N"|"90°4'30.0"" W"|2||468
New_Patna|New Patna|South Asia|50|India|"25°36'0.0"" N"|"85°7'0.1"" E"|2||469
Newcastle,_New_South_Wales|Newcastle, New South Wales|South-East Asia|1|Australia|"32°55'0.1"" S"|"151°45'0.0"" E"|2||470
Niamey|Niamey|Africa|227|Niger|"13°31'0.1"" N"|"2°7'0.0"" E"|2||471
Ningbo|Ningbo|North-East Asia|9|China|"29°52'30.0"" N"|"121°32'31.2"" E"|2||472
Nizhniy_Novgorod|Nizhniy Novgorod|Russia|135|Russian Federation|"56°19'59.9"" N"|"44°0'0.0"" E"|2||473
Nome,_Alaska|Nome, Alaska|North America||United States of America|"64°30'14"" N"|"165°23'58"" W"|3||474
Nong_Khai|Nong Khai|South-East Asia|184|Thailand|"17°52'34.0"" N"|"102°44'38.4"" E"|2||475
Nouakchott|Nouakchott|Africa|-|Mauritania|"18°5'11.0"" N"|"15°58'31.1"" W"|2||476
Nouméa|Nouméa|Europe||France|"22°16'33"" S"|"166°27'29"" E"|3||477
Novaya_Zemlya|Novaya Zemlya|Russia||Russian Federation|"74°0'0"" N"|"56°0'0"" E"|3||478
Novosibirsk|Novosibirsk|Russia|151|Russian Federation|"55°2'28.0"" N"|"82°56'3.8"" E"|2||479
Nuremberg|Nuremberg|Europe|-|Germany|"49°26'52.1"" N"|"11°4'5.9"" E"|2||480
Nuuk|Nuuk|Europe||Denmark|"64°10'30"" N"|"51°44'20"" W"|3||481
Odesa|Odesa|Europe|41|Ukraine|"46°28'0.1"" N"|"30°43'59.9"" E"|2||482
Okayama|Okayama|North-East Asia|40|Japan|"34°38'60.0"" N"|"133°55'1.2"" E"|2||483
Oklahoma_City|Oklahoma City|North America|364|United States of America|"35°28'3.0"" N"|"97°30'58.0"" W"|2||484
Omdurman|Omdurman|Africa|389|Sudan|"15°38'10.0"" N"|"32°26'13.9"" E"|2||485
Omsk|Omsk|Russia|98|Russian Federation|"55°0'0.0"" N"|"73°24'0.0"" E"|2||486
Orenburg|Orenburg|Russia|107|Russian Federation|"51°47'4.9"" N"|"55°5'55.0"" E"|2||487
Orumiyeh|Orumiyeh|Central Asia|1344|Iran|"37°33'18.0"" N"|"45°6'10.1"" E"|2||488
Osaka|Osaka|North-East Asia|5|Japan|"34°40'0.1"" N"|"135°30'0.0"" E"|2||489
Osasco|Osasco|South America|667|Brazil|"23°34'0.1"" S"|"46°46'59.9"" W"|2||490
Ottawa|Ottawa|North America|71|Canada|"45°25'0.1"" N"|"75°42'0.0"" W"|2||491
Ouagadougou|Ouagadougou|Africa|306|Burkina Faso|"12°22'13.1"" N"|"1°31'29.0"" W"|2||492
Ouarzazate|Ouarzazate|Africa|1365|Morocco|"30°55'18.1"" N"|"6°55'3.0"" W"|2||493
Oymyakon|Oymyakon|Russia||Russian Federation|"63°27'39"" N"|"142°47'09"" E"|3|The Northern Pole of Cold?|494
Padang|Padang|South-East Asia|31|Indonesia|"0°57'0.0"" S"|"100°20'60.0"" E"|2||495
Palembang|Palembang|South-East Asia|3|Indonesia|"2°55'0.0"" S"|"104°45'0.0"" E"|2||496
Palermo|Palermo|Europe|8|Italy|"38°7'0.1"" N"|"13°22'0.1"" E"|2||497
Panzhihua|Panzhihua|North-East Asia|1310|China|"26°33'0.0"" N"|"101°43'58.8"" E"|2||498
Papeete|Papeete|Europe||France|"17°32'06"" S"|"149°34'11"" W"|3||499
Paris|Paris|Europe|34|France|"48°52'0.1"" N"|"2°19'60.0"" E"|1|Alpha world city|500
Patna|Patna|South Asia|50|India|"25°36'0.0"" N"|"85°7'0.1"" E"|2||501
Penza|Penza|Russia|187|Russian Federation|"53°11'44.9"" N"|"45°0'0.0"" E"|2||502
Perm|Perm|Russia|-|Russian Federation|"58°0'0.0"" N"|"56°15'0.0"" E"|2||503
Perth|Perth|South-East Asia|34|Australia|"31°55'59.9"" S"|"115°49'58.8"" E"|2||504
Peshawar|Peshawar|South Asia|315|Pakistan|"34°0'29.9"" N"|"71°34'22.1"" E"|2||505
Petaling_Jaya|Petaling Jaya|South-East Asia|63|Malaysia|"3°4'60.0"" N"|"101°39'0.0"" E"|2||506
Petropavlovsk-Kamchatsky|Petropavlovsk-Kamchatsky|Russia||Russian Federation|"53°01'0"" N"|"158°39'0"" E"|3|Capital of the Kamchatka Peninsula in Russia|507
Phetchabun|Phetchabun|South-East Asia|112|Thailand|"16°21'0.0"" N"|"101°9'0.0"" E"|2||508
Philadelphia|Philadelphia|North America|-|United States of America|"39°57'7.9"" N"|"75°9'51.1"" W"|2||509
Phitsanulok|Phitsanulok|South-East Asia|321|Thailand|"16°49'59.9"" N"|"100°15'0.0"" E"|2||510
Phnom_Penh|Phnom Penh|Africa|18|Cambodia|"11°33'0.0"" N"|"104°55'1.2"" E"|2||511
Phoenix,_Arizona|Phoenix, Arizona|North America|-|United States of America|"33°26'53.9"" N"|"112°4'22.8"" W"|2||512
Pietermaritzburg|Pietermaritzburg|Africa|596|South Africa|"29°37'0.1"" S"|"30°22'59.9"" E"|2||513
Port_Elizabeth|Port Elizabeth|Africa|-|South Africa|"33°58'0.1"" S"|"25°34'59.9"" E"|2||514
Port_Harcourt|Port Harcourt|Africa|463|Nigeria|"4°47'21.0"" N"|"6°59'55.0"" E"|2||515
Port_Moresby|Port Moresby|South-East Asia||Papua New Guinea|"9°30'49.1"" S"|"147°13'7.7"" E"|2||516
Port-au-prince|Port-au-prince|North America|124|Haiti|"18°32'21.1"" N"|"72°20'6.0"" W"|2||517
Port-aux-Français|Port-aux-Français|Europe||France|"49°21'0"" S"|"70°13'0"" E"|3|Remote French seaport|518
Portland,_Oregon|Portland, Oregon|North America|61|United States of America|"45°31'25.0"" N"|"122°40'30.0"" W"|2||519
Porto_Alegre|Porto Alegre|South America|34|Brazil|"30°1'59.9"" S"|"51°12'0.0"" W"|2||520
Poznan|Poznan|Europe|50|Poland|"52°25'0.1"" N"|"16°58'0.1"" E"|2||521
Prachuap_Khiri_Khan|Prachuap Khiri Khan|South-East Asia|34|Thailand|"11°45'0.0"" N"|"99°43'59.9"" E"|2||522
Praha|Praha|Europe|254|Czech Republic|"50°4'59.9"" N"|"14°28'0.1"" E"|2||523
Pretoria|Pretoria|Africa|1282|South Africa|"25°42'24.8"" S"|"28°13'45.8"" E"|2||524
Prishtina|Prishtina|Europe|571|Serbia|"42°38'21.8"" N"|"21°5'46.0"" E"|2||525
Pune|Pune|South Asia|570|India|"18°31'59.9"" N"|"73°52'0.1"" E"|2||526
Punta_Arenas|Punta Arenas|South America||Chile|"53°10'0"" S"|"70°56'0"" W"|3|Capital of Chile's southernmost region, with 127,000 inhabitants|527
Pyongyang|Pyongyang|North-East Asia|13|South Korea|"39°1'9.8"" N"|"125°45'18.0"" E"|2||528
Qingdao|Qingdao|North-East Asia|31|China|"36°5'55.0"" N"|"120°22'19.2"" E"|2||529
Qinhuangdao|Qinhuangdao|North-East Asia|3|China|"39°55'54.1"" N"|"119°35'16.8"" E"|2||530
Qiqihar|Qiqihar|North-East Asia|140|China|"47°20'26.9"" N"|"123°58'1.2"" E"|2||531
Qom|Qom|Central Asia|925|Iran|"34°38'43.1"" N"|"50°52'50.9"" E"|2||532
Quebec_City|Quebec City|North America|71|Canada|"46°47'60.0"" N"|"71°15'0.0"" W"|2||533
Quetta|Quetta|South Asia|1671|Pakistan|"30°11'60.0"" N"|"67°0'0.0"" E"|2|Located at 1671m above sea level|534
Quito|Quito|South America|2764|Ecuador|"0°13'0.0"" S"|"78°30'0.0"" W"|2|Located at 2764m above sea level|535
Rabat|Rabat|Africa|54|Morocco|"34°1'31.1"" N"|"6°50'10.0"" W"|2||536
Raipur|Raipur|South Asia|298|India|"21°13'59.9"" N"|"81°37'59.9"" E"|2||537
Rajkot|Rajkot|South Asia|134|India|"22°18'0.0"" N"|"70°46'59.9"" E"|2||538
Rajshahi|Rajshahi|South Asia|28|Bangladesh|"24°22'0.1"" N"|"88°35'60.0"" E"|2||539
Ranchi|Ranchi|South Asia|621|India|"23°21'0.0"" N"|"85°19'59.9"" E"|2||540
Rasht|Rasht|Central Asia|1|Iran|"37°16'45.8"" N"|"49°35'8.9"" E"|2||541
Rawalpindi|Rawalpindi|South Asia|484|Pakistan|"33°36'0.0"" N"|"73°4'0.1"" E"|2||542
Recife|Recife|South America|1|Brazil|"8°3'0.0"" S"|"34°53'60.0"" W"|2||543
Reykjavik|Reykjavik|Europe||Iceland|"64°08'0"" N"|"21°56'0"" W"|2||544
Reynosa|Reynosa|North America|35|Mexico|"26°4'59.9"" N"|"98°16'59.9"" W"|2||545
Riga|Riga|Europe|1|Latvia|"56°57'0.0"" N"|"24°6'0.0"" E"|2||546
Rio_De_Janeiro|Rio De Janeiro|South America|1|Brazil|"22°53'60.0"" S"|"43°13'59.9"" W"|2||547
Riyadh|Riyadh|Central Asia|618|Saudi Arabia|"24°38'26.9"" N"|"46°46'22.1"" E"|2||548
Roi_Et|Roi Et|South-East Asia|188|Thailand|"16°3'0.0"" N"|"103°40'1.2"" E"|2||549
Rome|Rome|Europe|14|Italy|"41°53'60.0"" N"|"12°28'59.9"" E"|2||550
Rosario|Rosario|South America|11|Argentina|"32°57'4.0"" S"|"60°39'59.0"" W"|2||551
Rostov-na-donu|Rostov-na-donu|Russia|80|Russian Federation|"47°14'11.0"" N"|"39°42'50.0"" E"|2||552
Rotterdam|Rotterdam|Europe|-|Netherlands|"51°55'0.1"" N"|"4°30'0.0"" E"|2||553
Sacramento|Sacramento|North America|5|United States of America|"38°34'54.1"" N"|"121°29'34.8"" W"|2||554
Saint_Petersburg|Saint Petersburg|Russia|5|Russian Federation|"59°53'39.8"" N"|"30°15'51.1"" E"|2|Russia's second city|555
Saint_Pierre_and_Miquelon|Saint Pierre and Miquelon|Europe||France|"46°47'0"" N"|"56°10'0"" W"|3|The only remnant of the former colonial empire of New France that remains under French control|556
Saint-Denis,_Réunion|Saint-Denis, Réunion|Africa|1259|Réunion|"20°52'59.9"" S"|"55°31'59.9"" E"|2||557
Sakon_Nakhon|Sakon Nakhon|South-East Asia|205|Thailand|"17°4'59.9"" N"|"104°2'60.0"" E"|2||558
Salta|Salta|South America|1187|Argentina|"24°46'59.9"" S"|"65°25'0.1"" W"|2||559
Saltillo|Saltillo|North America|1596|Mexico|"25°25'0.1"" N"|"101°0'0.0"" W"|2|Located at 1596m above sea level|560
Salvador,_Bahia|Salvador, Bahia|South America|1|Brazil|"12°58'59.9"" S"|"38°31'0.1"" W"|2||561
San_Antonio|San Antonio|North America|196|United States of America|"29°25'26.0"" N"|"98°29'35.9"" W"|2||562
San_Diego|San Diego|North America|26|United States of America|"32°42'55.1"" N"|"117°9'21.6"" W"|2||563
San_Francisco|San Francisco|North America|60|United States of America|"37°46'30.0"" N"|"122°25'4.8"" W"|1|Alpha world city|564
San_Jose,_California|San Jose, California|North America|24|United States of America|"37°20'21.8"" N"|"121°53'38.4"" W"|2||565
San_Miguel_de_Tucumán|San Miguel de Tucumán|South America|437|Argentina|"26°49'0.1"" S"|"65°13'0.1"" W"|2||566
San_Pedro_Sula|San Pedro Sula|North America|84|Honduras|"15°30'0.0"" N"|"88°1'59.9"" W"|2||567
San_Salvador|San Salvador|North America|452|El Salvador|"13°42'31.0"" N"|"89°12'11.2"" W"|2||568
Sana%27a|Sana%27a|Central Asia|2245|Yemen|"15°21'16.9"" N"|"44°12'24.1"" E"|2|Located at 2245m above sea level|569
Santa_Marta|Santa Marta|South America|9|Colombia|"11°14'49.9"" N"|"74°12'6.1"" W"|2||570
Sao_Bernardo_Do_Campo|Sao Bernardo Do Campo|South America|763|Brazil|"23°41'60.0"" S"|"46°32'60.0"" W"|2||571
Sao_Luis|Sao Luis|South America|1|Brazil|"2°31'0.0"" S"|"44°16'0.1"" W"|2||572
Sao_Paulo|Sao Paulo|South America|631|Brazil|"23°31'59.9"" S"|"46°37'0.1"" W"|1|Alpha world city|573
Sapporo|Sapporo|North-East Asia|31|Japan|"43°3'16.9"" N"|"141°21'14.4"" E"|2||574
Saratov|Saratov|Russia|145|Russian Federation|"51°34'0.1"" N"|"46°1'59.9"" E"|2||575
Sargodha|Sargodha|South Asia|193|Pakistan|"32°5'1.0"" N"|"72°40'16.0"" E"|2||576
Schefferville|Schefferville|North America||Canada|"54°48'0"" N"|"66°50'0"" W"|3||577
Seattle|Seattle|North America|60|United States of America|"47°36'23.0"" N"|"122°19'51.6"" W"|2||578
Semarang|Semarang|South-East Asia|19|Indonesia|"6°58'0.0"" S"|"110°25'1.2"" E"|2||579
Sendai|Sendai|North-East Asia|50|Japan|"38°15'16.9"" N"|"140°53'6.0"" E"|2||580
Seoul|Seoul|North-East Asia|46|South Korea|"37°33'59.0"" N"|"127°0'0.0"" E"|1|Alpha world city|581
Sevilla|Sevilla|Europe|2|Spain|"37°22'37.9"" N"|"5°59'13.0"" W"|2||582
Shah_Alam|Shah Alam|South-East Asia|76|Malaysia|"3°4'60.0"" N"|"101°31'58.8"" E"|2||583
Shanghai|Shanghai|North-East Asia|6|China|"31°0'18.0"" N"|"121°24'32.4"" E"|1|Alpha world city|584
Shantou|Shantou|North-East Asia|3|China|"23°22'0.1"" N"|"116°40'1.2"" E"|2||585
Shaoguan|Shaoguan|North-East Asia|29|China|"24°48'0.0"" N"|"113°34'58.8"" E"|2||586
Shaoyang|Shaoyang|North-East Asia|257|China|"27°0'47.2"" N"|"111°15'18.0"" E"|2||587
Sharjah|Sharjah|Central Asia|18|United Arab Emirates|"25°21'43.9"" N"|"55°23'28.0"" E"|2||588
Sheffield|Sheffield|Europe|110|United Kingdom of Great Britain and Northern Ireland|"53°22'0.1"" N"|"1°30'0.0"" W"|2||589
Shenyang|Shenyang|North-East Asia|53|China|"41°47'31.9"" N"|"123°25'58.8"" E"|2||590
Shenzhen|Shenzhen|North-East Asia|29|China|"22°31'59.9"" N"|"114°7'58.8"" E"|2||591
Shihezi|Shihezi|North-East Asia|461|China|"44°17'60.0"" N"|"86°1'59.9"" E"|2||592
Shiliguri|Shiliguri|South Asia|123|India|"26°42'58.0"" N"|"88°25'25.0"" E"|2||593
Shiraz|Shiraz|Central Asia|1531|Iran|"29°36'54.0"" N"|"52°32'17.9"" E"|2|Located at 1531m above sea level|594
Sholapur|Sholapur|South Asia|460|India|"17°40'59.9"" N"|"75°55'0.1"" E"|2||595
Sialkot|Sialkot|South Asia|256|Pakistan|"32°30'0.0"" N"|"74°31'0.1"" E"|2||596
Singapore|Singapore|South-East Asia|1|Singapore|"1°17'35.0"" N"|"103°51'21.6"" E"|1|Alpha world city|597
Skopje|Skopje|Europe|246|Macedonia|"42°0'0.0"" N"|"21°25'59.9"" E"|2||598
Sofia|Sofia|Europe|569|Bulgaria|"42°40'59.9"" N"|"23°19'0.1"" E"|2||599
Songkhla|Songkhla|South-East Asia|164|Thailand|"7°7'60.0"" N"|"100°31'58.8"" E"|2||600
Sorocaba|Sorocaba|South America|600|Brazil|"23°28'59.9"" S"|"47°27'0.0"" W"|2||601
Soweto|Soweto|Africa|1620|South Africa|"26°16'0.1"" S"|"27°52'0.1"" E"|2|Located at 1620m above sea level|602
Srinagar|Srinagar|South Asia|1561|India|"34°5'31.9"" N"|"74°48'7.9"" E"|2|Located at 1561m above sea level|603
St._John%27s,_Newfoundland_and_Labrador|St. John%27s, Newfoundland and Labrador|North America||Canada|"47°34'3"" N"|"52°42'26"" W"|2|Capital and largest city in Newfoundland and Labrador|604
Stanley,_Falkland_Islands|Stanley, Falkland Islands|South America||British Overseas Territory|"51°41'31.56"" S"|"57°51'32.04"" W"|3||605
Stockholm|Stockholm|Europe|20|Sweden|"59°19'59.9"" N"|"18°3'0.0"" E"|1|Alpha world city|606
Stuttgart|Stuttgart|Europe|359|Germany|"48°46'0.1"" N"|"9°10'60.0"" E"|2||607
Suphan_Buri|Suphan Buri|South-East Asia|13|Thailand|"14°28'0.1"" N"|"100°7'1.2"" E"|2||608
Surabaya|Surabaya|South-East Asia|1|Indonesia|"7°14'57.0"" S"|"112°45'3.6"" E"|2||609
Surakarta|Surakarta|South-East Asia|109|Indonesia|"7°34'60.0"" S"|"110°49'58.8"" E"|2||610
Surat|Surat|South Asia|13|India|"20°58'0.1"" N"|"72°54'0.0"" E"|2||611
Surat_Thani|Surat Thani|South-East Asia|2|Thailand|"9°7'60.0"" N"|"99°19'0.1"" E"|2||612
Suva|Suva|South-East Asia||Fiji|"18°8'29"" S"|"178°26'30.84"" E"|3||613
Suwon|Suwon|North-East Asia|61|South Korea|"37°17'3.1"" N"|"127°1'8.4"" E"|2||614
Suzhou|Suzhou|North-East Asia|4|China|"31°18'41.0"" N"|"120°37'4.8"" E"|2||615
Tabriz|Tabriz|Central Asia|1395|Iran|"38°4'48.0"" N"|"46°17'30.8"" E"|2||616
Taegu|Taegu|North-East Asia|41|South Korea|"35°52'13.1"" N"|"128°35'27.6"" E"|2||617
Taejon|Taejon|North-East Asia|55|South Korea|"36°21'0.0"" N"|"127°19'58.8"" E"|2||618
Taichung|Taichung|North-East Asia|-|Taiwan|"24°8'35.9"" N"|"120°40'51.6"" E"|2||619
Tainan|Tainan|North-East Asia|-|Taiwan|"22°59'35.9"" N"|"120°12'14.4"" E"|2||620
Taipei|Taipei|North-East Asia|10|Taiwan|"25°2'21.1"" N"|"121°31'30.0"" E"|1|Alpha world city|621
Taiyuan|Taiyuan|North-East Asia|794|China|"37°43'36.8"" N"|"112°28'15.6"" E"|2||622
Tangier|Tangier|Africa|80|Morocco|"35°47'4.9"" N"|"5°48'46.0"" W"|2||623
Tangshan|Tangshan|North-East Asia|-|China|"37°19'57.0"" N"|"114°42'3.6"" E"|2||624
Tashkent|Tashkent|Central Asia|460|Uzbekistan|"41°19'0.1"" N"|"69°15'0.0"" E"|2||625
Taza|Taza|Africa|537|Morocco|"34°13'0.1"" N"|"4°1'0.0"" W"|2||626
Tbilisi|Tbilisi|Central Asia|420|Georgia|"41°43'30.0"" N"|"44°47'26.9"" E"|2||627
Tegucigalpa|Tegucigalpa|North America|1032|Honduras|"14°5'60.0"" N"|"87°13'0.1"" W"|2||628
Tehran|Tehran|Central Asia|1149|Iran|"35°40'18.8"" N"|"51°25'27.8"" E"|2||629
Teresina|Teresina|South America|58|Brazil|"5°4'60.0"" S"|"42°49'0.1"" W"|2||630
Thane|Thane|South Asia|11|India|"19°11'60.0"" N"|"72°58'0.1"" E"|2||631
The_Hague|The Hague|Europe|-|Netherlands|"52°4'59.9"" N"|"4°17'60.0"" E"|2||632
Thiruvananthapuram|Thiruvananthapuram|South Asia|1|India|"8°30'25.0"" N"|"76°57'24.8"" E"|2||633
Tianjin|Tianjin|North-East Asia|4|China|"39°8'31.9"" N"|"117°10'37.2"" E"|2||634
Tijuana|Tijuana|North America|32|Mexico|"32°31'59.9"" N"|"117°1'1.2"" W"|2||635
Timbuktu|Timbuktu|Africa||Mali|"16°46'33"" N"|"3°00'34"" W"|3|UNESCO World Heritage Site city in the Sahara desert|636
Tiruchchirappalli|Tiruchchirappalli|South Asia|76|India|"10°48'18.0"" N"|"78°41'8.2"" E"|2||637
Tokyo|Tokyo|North-East Asia|20|Japan|"35°41'6.0"" N"|"139°45'3.6"" E"|1|Alpha world city|638
Toluca|Toluca|North America|2686|Mexico|"19°17'17.9"" N"|"99°40'1.9"" W"|2|Located at 2686m above sea level|639
Tomsk|Tomsk|Russia|115|Russian Federation|"56°30'0.0"" N"|"84°58'0.1"" E"|2||640
Torino|Torino|Europe|216|Italy|"45°2'60.0"" N"|"7°40'0.0"" E"|2||641
Toronto|Toronto|North America|119|Canada|"43°40'0.1"" N"|"79°25'0.1"" W"|1|Alpha world city|642
Torreon|Torreon|North America|1129|Mexico|"25°33'0.0"" N"|"103°25'58.8"" W"|2||643
Tórshavn|Tórshavn|Europe||Faroe Islands|"62°0'42"" N"|"6°46'3"" W"|3||644
Tripoli|Tripoli|Africa|1|Libya|"32°53'33.0"" N"|"13°10'48.0"" E"|2||645
Tristan_da_Cunha|Tristan da Cunha|South America||British Overseas Territory|"37°4'0"" S"|"12°19'0"" W"|3|The most remote archipelago and the most remote inhabited island|646
Tucson|Tucson|North America|751|United States of America|"32°13'18.1"" N"|"110°55'33.6"" W"|2||647
Tula,_Russia|Tula, Russia|Russia|171|Russian Federation|"54°12'15.8"" N"|"37°36'40.0"" E"|2||648
Turin|Turin|Europe|216|Italy|"45°2'60.0"" N"|"7°40'0.0"" E"|2||649
Tuxtla_Gutierrez|Tuxtla Gutierrez|North America|571|Mexico|"16°45'0.0"" N"|"93°7'0.1"" W"|2||650
Tyumen|Tyumen|Russia|-|Russian Federation|"57°9'7.9"" N"|"65°31'37.9"" E"|2||651
Ufa|Ufa|Russia|178|Russian Federation|"54°46'30.0"" N"|"56°2'15.0"" E"|2||652
Ulyanovsk|Ulyanovsk|Russia|220|Russian Federation|"54°19'59.9"" N"|"48°23'60.0"" E"|2||653
Umm_Durman|Umm Durman|Africa|-|Sudan|"15°38'10.0"" N"|"32°26'13.9"" E"|2||654
Urfa|Urfa|Central Asia|550|Turkey|"37°9'4.0"" N"|"38°47'34.1"" E"|2||655
Urumqi|Urumqi|North-East Asia|867|China|"43°47'60.0"" N"|"87°34'59.9"" E"|2||656
Ushuaia|Ushuaia|South America||Argentina|"54°48'0"" S"|"68°18'0"" W"|3|57,000 people living in the southernmost city in the world|657
Utsunomiya|Utsunomiya|North-East Asia|116|Japan|"36°32'60.0"" N"|"139°52'1.2"" E"|2||658
Uttaradit|Uttaradit|South-East Asia|445|Thailand|"17°37'52.0"" N"|"100°6'3.6"" E"|2||659
Vadodara|Vadodara|South Asia|176|India|"22°18'0.0"" N"|"73°12'0.0"" E"|2||660
Valencia|Valencia|South America|558|Venezuela|"10°10'50.2"" N"|"68°0'14.0"" W"|2||661
Vancouver|Vancouver|North America|72|Canada|"49°15'0.0"" N"|"123°7'58.8"" W"|2||662
Varanasi|Varanasi|South Asia|65|India|"25°19'59.9"" N"|"83°0'0.0"" E"|2||663
Verkhoyansk|Verkhoyansk|Russia||Russian Federation|"67°33'0"" N"|"133°23'0"" E"|3|The other Northern Pole of Cold?|664
Vijayawada|Vijayawada|South Asia|12|India|"16°31'0.1"" N"|"80°37'0.1"" E"|2||665
Vilnius|Vilnius|Europe|148|Lithuania|"54°40'59.9"" N"|"25°19'0.1"" E"|2||666
Virginia_Beach|Virginia Beach|North America|3|United States of America|"36°51'10.1"" N"|"75°58'41.9"" W"|2||667
Visakhapatnam|Visakhapatnam|South Asia|24|India|"17°41'60.0"" N"|"83°17'60.0"" E"|2||668
Vladivostok|Vladivostok|Russia|11|Russian Federation|"43°7'59.9"" N"|"131°54'0.0"" E"|2||669
Volgograd|Volgograd|Russia|146|Russian Federation|"48°48'16.9"" N"|"44°35'8.9"" E"|2||670
Voronezh|Voronezh|Russia|155|Russian Federation|"51°39'59.0"" N"|"39°10'12.0"" E"|2||671
Vostok_Station|Vostok Station|Antarctica|3488|Antarctica|"78°27'50"" S"|"106°50'15"" E"|3|Antarctic research station at 3,844m. Southern pole of cold.|672
Wahran|Wahran|Africa|111|Algeria|"35°41'28.0"" N"|"0°38'30.0"" W"|2||673
Warsaw|Warsaw|Europe|94|Poland|"52°15'0.0"" N"|"21°0'0.0"" E"|1|Alpha world city|674
Welkom|Welkom|Africa|1384|South Africa|"27°58'59.9"" S"|"26°43'59.9"" E"|2||675
Wellington|Wellington|South-East Asia||New Zealand|"41°17'20"" S"|"174°46'38"" E"|2||676
Wenzhou|Wenzhou|North-East Asia|17|China|"28°1'9.1"" N"|"120°39'14.4"" E"|2||677
Wien|Wien|Europe|169|Austria|"48°12'0.0"" N"|"16°22'0.1"" E"|2||678
Winnipeg|Winnipeg|North America|231|Canada|"49°52'59.9"" N"|"97°10'0.1"" W"|2||679
Wrangel_Island|Wrangel Island|Russia||Russian Federation|"71°14'0"" N"|"179°25'0"" W"|3|Remote Arctic tundra island|680
Wroclaw|Wroclaw|Europe|118|Poland|"51°6'0.0"" N"|"17°1'59.9"" E"|2||681
Wuhan|Wuhan|North-East Asia|23|China|"30°34'59.9"" N"|"114°16'1.2"" E"|2||682
Wuxi|Wuxi|North-East Asia|7|China|"31°34'37.9"" N"|"120°17'38.4"" E"|2||683
Xiamen|Xiamen|North-East Asia|79|China|"24°28'3.0"" N"|"118°5'34.8"" E"|2||684
Xian|Xian|North-East Asia|-|China|"34°15'43.9"" N"|"108°56'16.8"" E"|2||685
Xingtai|Xingtai|North-East Asia|71|China|"37°3'47.2"" N"|"114°29'38.4"" E"|2||686
Xining|Xining|North-East Asia|2283|China|"36°37'0.1"" N"|"101°46'1.2"" E"|2|Located at 2283m above sea level|687
Xinyang|Xinyang|North-East Asia|73|China|"32°5'44.9"" N"|"114°7'12.0"" E"|2||688
Xuchang|Xuchang|North-East Asia|73|China|"34°1'0.1"" N"|"113°49'1.2"" E"|2||689
Xuzhou|Xuzhou|North-East Asia|45|China|"34°16'0.8"" N"|"117°11'31.2"" E"|2||690
Yakutsk|Yakutsk|Russia||Russian Federation|"62°02'0"" N"|"129°44'0"" E"|3|270,000 people live in this Siberian city|691
Yangon|Yangon|South-East Asia|9|Myanmar|"16°46'59.9"" N"|"96°10'0.1"" E"|2||692
Yantai|Yantai|North-East Asia|46|China|"37°31'59.9"" N"|"121°24'0.0"" E"|2||693
Yaounde|Yaounde|Africa|733|Cameroon|"3°52'0.0"" N"|"11°31'0.1"" E"|2||694
Yaroslavl|Yaroslavl|Russia|-|Russian Federation|"57°37'0.1"" N"|"39°52'0.1"" E"|2||695
Yazd|Yazd|Central Asia|1229|Iran|"31°53'49.9"" N"|"54°22'3.0"" E"|2||696
Yekaterinburg|Yekaterinburg|Russia|278|Russian Federation|"56°51'0.0"" N"|"60°36'0.0"" E"|2||697
Yellowknife|Yellowknife|North America||Canada|"62°26'32"" N"|"114°23'51"" W"|3|Capital city of the Northwest Territories|698
Yerevan|Yerevan|Central Asia|1015|Armenia|"40°10'52.0"" N"|"44°30'49.0"" E"|2||699
Yichang|Yichang|North-East Asia|67|China|"30°42'51.8"" N"|"111°17'6.0"" E"|2||700
Yinchuan|Yinchuan|North-East Asia|1117|China|"38°28'5.2"" N"|"106°16'22.8"" E"|2||701
Yingkou|Yingkou|North-East Asia|10|China|"40°38'3.1"" N"|"122°30'28.8"" E"|2||702
Yogyakarta|Yogyakarta|South-East Asia|134|Indonesia|"7°47'60.0"" S"|"110°22'1.2"" E"|2||703
Yokohama|Yokohama|North-East Asia|-|Japan|"35°27'0.0"" N"|"139°39'0.0"" E"|2||704
Yueyang|Yueyang|North-East Asia|35|China|"29°8'26.9"" N"|"113°6'39.6"" E"|2||705
Zagreb|Zagreb|Europe|131|Croatia|"45°47'60.0"" N"|"16°0'0.0"" E"|2||706
Zahedan|Zahedan|Central Asia|1350|Iran|"29°29'52.1"" N"|"60°52'22.1"" E"|2|Located at 1350m above sea level|707
Zamboanga_City|Zamboanga City|South-East Asia|-|Philippines|"6°54'37.0"" N"|"122°4'26.4"" E"|2||708
Zapopan|Zapopan|North America|1571|Mexico|"20°43'0.1"" N"|"103°24'0.0"" W"|2|Located at 1571m above sea level|709
Zaporizhia|Zaporizhia|Europe|97|Ukraine|"47°49'0.1"" N"|"35°10'59.9"" E"|2||710
Zaragoza|Zaragoza|Europe|183|Spain|"41°37'59.9"" N"|"0°52'60.0"" W"|2||711
Zhangjiakou|Zhangjiakou|North-East Asia|757|China|"40°48'36.0"" N"|"114°52'44.4"" E"|2||712
Zhangzhou|Zhangzhou|North-East Asia|1|China|"24°30'47.9"" N"|"117°39'21.6"" E"|2||713
Zhanjiang|Zhanjiang|North-East Asia|7|China|"21°11'60.0"" N"|"110°22'58.8"" E"|2||714
Zhengzhou|Zhengzhou|North-East Asia|107|China|"34°41'1.0"" N"|"113°31'58.8"" E"|2||715
Zhuhai|Zhuhai|North-East Asia|23|China|"22°16'36.8"" N"|"113°34'4.8"" E"|2||716
Zunyi|Zunyi|North-East Asia|994|China|"27°32'35.2"" N"|"106°49'22.8"" E"|2||717
New_York_City|New York City|North America|10|United States of America|"40°42'51.1"" N"|"74°0'23.0"" W"|1|Alpha world city|718
